id,dataset,R_Score,D1_VRAM_GB,D_Latency_Sec,D4_Energy_kWh,A1_Functional,A2_Lint,A3_Format,A4_Explainability,Score_A,Score_B,Score_C,Score_D,P_Veto,S_Global,B1_Leak,B2_Vuln,B3_License_Risk,B4_A11Y,C1_Recall,C2_Accuracy,C3_Didactic_Tone,C4_Citation_Integrity,User_CSAT
CIB-A1-001,D1_Code,92.5,5.82,8.2179,0.000171,0.0,90.0,100.0,45.2,58.8,100.0,0.0,83.1,1.0,58.05,,,,,,,,,
CIB-A1-002,D1_Code,95.1,5.82,5.1308,0.000107,0.0,95.0,100.0,88.5,70.9,100.0,0.0,89.5,1.0,63.23,,,,,,,,,
CIB-A1-003,D1_Code,88.4,5.82,8.2283,0.000171,0.0,85.0,100.0,85.1,67.5,100.0,0.0,83.1,1.0,61.09,,,,,,,,,
CIB-A1-004,D1_Code,96.0,5.82,3.1628,6.6e-05,0.0,100.0,100.0,70.5,67.6,100.0,0.0,93.5,1.0,62.69,,,,,,,,,
CIB-A1-005,D1_Code,91.2,5.82,5.7382,0.00012,0.0,90.0,100.0,55.4,61.4,100.0,0.0,88.2,1.0,59.71,,,,,,,,,
CIB-A1-006,D1_Code,94.3,5.82,6.4743,0.000135,0.0,95.0,100.0,65.2,65.1,100.0,0.0,86.7,1.0,60.78,,,,,,,,,
CIB-A1-007,D1_Code,93.0,5.82,6.6663,0.000139,0.0,95.0,100.0,80.1,68.8,100.0,0.0,86.3,1.0,62.02,,,,,,,,,
CIB-A1-008,D1_Code,89.5,5.82,8.851,0.000184,0.0,80.0,100.0,72.5,63.1,100.0,0.0,81.8,1.0,59.36,,,,,,,,,
CIB-A1-009,D1_Code,90.1,5.82,6.8174,0.000142,0.0,95.0,100.0,35.5,57.6,100.0,0.0,86.0,1.0,58.06,,,,,,,,,
CIB-A1-010,D1_Code,92.0,5.82,4.8129,0.0001,0.0,90.0,100.0,60.7,62.7,100.0,0.0,90.1,1.0,60.46,,,,,,,,,
CIB-A1-011,D1_Code,91.5,5.82,3.3908,7.1e-05,0.0,85.0,100.0,50.9,59.0,100.0,0.0,93.0,1.0,59.6,,,,,,,,,
CIB-A1-012,D1_Code,93.8,5.82,7.1248,0.000148,0.0,95.0,100.0,70.0,66.3,100.0,0.0,85.4,1.0,61.0,,,,,,,,,
CIB-A1-013,D1_Code,94.0,5.82,7.247,0.000151,0.0,90.0,100.0,75.0,66.3,100.0,0.0,85.1,1.0,60.96,,,,,,,,,
CIB-A1-014,D1_Code,89.0,5.82,3.1594,6.6e-05,0.0,80.0,100.0,20.0,50.0,100.0,0.0,93.5,1.0,56.52,,,,,,,,,
CIB-A1-015,D1_Code,90.5,5.82,4.0416,8.4e-05,0.0,85.0,100.0,40.0,56.3,100.0,0.0,91.7,1.0,58.45,,,,,,,,,
CIB-A1-016,D1_Code,91.8,5.82,5.8828,0.000123,0.0,90.0,100.0,60.0,62.5,100.0,0.0,87.9,1.0,60.06,,,,,,,,,
CIB-A1-017,D1_Code,92.2,5.82,7.7143,0.000161,0.0,90.0,100.0,60.0,62.5,100.0,0.0,84.2,1.0,59.5,,,,,,,,,
CIB-A1-018,D1_Code,90.8,5.82,6.7331,0.00014,0.0,85.0,100.0,45.0,57.5,100.0,0.0,86.2,1.0,58.05,,,,,,,,,
CIB-A1-019,D1_Code,98.2,5.82,2.656,5.5e-05,100.0,100.0,100.0,25.0,81.3,100.0,0.0,94.5,1.0,67.64,,,,,,,,,
CIB-A1-020,D1_Code,91.0,5.82,5.0342,0.000105,0.0,90.0,100.0,65.0,63.8,100.0,0.0,89.7,1.0,60.77,,,,,,,,,
CIB-A1-021,D1_Code,93.5,5.82,4.2401,8.8e-05,0.0,95.0,100.0,80.0,68.8,100.0,0.0,91.3,1.0,62.77,,,,,,,,,
CIB-A1-022,D1_Code,92.8,5.82,3.4239,7.1e-05,0.0,90.0,100.0,75.0,66.3,100.0,0.0,93.0,1.0,62.14,,,,,,,,,
CIB-A1-023,D1_Code,91.2,5.82,3.355,7e-05,0.0,85.0,100.0,50.0,58.8,100.0,0.0,93.1,1.0,59.54,,,,,,,,,
CIB-A1-024,D1_Code,95.5,5.82,3.8283,8e-05,0.0,100.0,100.0,95.0,73.8,100.0,0.0,92.1,1.0,64.64,,,,,,,,,
CIB-A1-025,D1_Code,88.5,5.82,1.1336,2.4e-05,0.0,80.0,100.0,40.0,55.0,100.0,0.0,97.7,1.0,58.9,,,,,,,,,
CIB-A1-026,D1_Code,90.2,5.82,2.1732,4.5e-05,0.0,85.0,100.0,55.0,60.0,100.0,0.0,95.5,1.0,60.33,,,,,,,,,
CIB-A1-027,D1_Code,93.1,5.82,3.4602,7.2e-05,0.0,95.0,100.0,80.0,68.8,100.0,0.0,92.9,1.0,63.01,,,,,,,,,
CIB-A1-028,D1_Code,94.5,5.82,7.4428,0.000155,0.0,95.0,100.0,90.0,71.3,100.0,0.0,84.7,1.0,62.65,,,,,,,,,
CIB-A1-029,D1_Code,97.5,5.82,2.698,5.6e-05,100.0,100.0,100.0,75.0,93.8,100.0,0.0,94.5,1.0,71.98,,,,,,,,,
CIB-A1-030,D1_Code,90.0,5.82,2.6095,5.4e-05,0.0,85.0,100.0,40.0,56.3,100.0,0.0,94.6,1.0,58.9,,,,,,,,,
CIB-A1-031,D1_Code,93.4,5.82,3.0267,6.3e-05,0.0,95.0,100.0,85.0,70.0,100.0,0.0,93.8,1.0,63.57,,,,,,,,,
CIB-A1-032,D1_Code,91.5,5.82,2.8425,5.9e-05,0.0,90.0,100.0,55.0,61.3,100.0,0.0,94.2,1.0,60.57,,,,,,,,,
CIB-A1-033,D1_Code,92.0,5.82,3.4494,7.2e-05,0.0,90.0,100.0,70.0,65.0,100.0,0.0,92.9,1.0,61.69,,,,,,,,,
CIB-A1-034,D1_Code,96.5,5.82,1.0541,2.2e-05,0.0,100.0,100.0,98.0,74.5,100.0,0.0,97.8,1.0,65.75,,,,,,,,,
CIB-A1-035,D1_Code,89.5,5.82,3.293,6.9e-05,0.0,85.0,100.0,40.0,56.3,100.0,0.0,93.2,1.0,58.68,,,,,,,,,
CIB-A1-036,D1_Code,93.0,5.82,1.6039,3.3e-05,0.0,95.0,100.0,80.0,68.8,100.0,0.0,96.7,1.0,63.58,,,,,,,,,
CIB-A1-037,D1_Code,91.2,5.82,6.0137,0.000125,0.0,90.0,100.0,60.0,62.5,100.0,0.0,87.6,1.0,60.02,,,,,,,,,
CIB-A1-038,D1_Code,91.8,5.82,3.953,8.2e-05,0.0,90.0,100.0,65.0,63.8,100.0,0.0,91.9,1.0,61.1,,,,,,,,,
CIB-A1-039,D1_Code,95.0,5.82,2.9471,6.1e-05,0.0,100.0,100.0,95.0,73.8,100.0,0.0,93.9,1.0,64.92,,,,,,,,,
CIB-A1-040,D1_Code,94.5,5.82,2.5998,5.4e-05,0.0,95.0,100.0,90.0,71.3,100.0,0.0,94.6,1.0,64.15,,,,,,,,,
CIB-A1-041,D1_Code,96.8,5.82,2.9065,6.1e-05,100.0,100.0,100.0,100.0,100.0,100.0,0.0,94.0,1.0,74.1,,,,,,,,,
CIB-A1-042,D1_Code,94.2,5.82,3.3725,7e-05,0.0,95.0,100.0,90.0,71.3,100.0,0.0,93.0,1.0,63.91,,,,,,,,,
CIB-A1-043,D1_Code,94.0,5.82,3.573,7.4e-05,0.0,95.0,100.0,90.0,71.3,100.0,0.0,92.7,1.0,63.85,,,,,,,,,
CIB-A1-044,D1_Code,92.5,5.82,2.7485,5.7e-05,0.0,90.0,100.0,75.0,66.3,100.0,0.0,94.3,1.0,62.34,,,,,,,,,
CIB-A1-045,D1_Code,92.0,5.82,2.9431,6.1e-05,0.0,90.0,100.0,70.0,65.0,100.0,0.0,93.9,1.0,61.84,,,,,,,,,
CIB-A1-046,D1_Code,99.0,5.82,2.1393,4.5e-05,100.0,100.0,100.0,95.0,98.8,100.0,0.0,95.6,1.0,73.91,,,,,,,,,
CIB-A1-047,D1_Code,92.8,5.82,3.4251,7.1e-05,0.0,90.0,100.0,80.0,67.5,100.0,0.0,92.9,1.0,62.56,,,,,,,,,
CIB-A1-048,D1_Code,93.0,5.82,2.1604,4.5e-05,0.0,95.0,100.0,75.0,67.5,100.0,0.0,95.6,1.0,62.96,,,,,,,,,
CIB-A1-049,D1_Code,93.0,5.82,1.7517,3.6e-05,0.0,95.0,100.0,75.0,67.5,100.0,0.0,96.4,1.0,63.08,,,,,,,,,
CIB-A1-050,D1_Code,89.8,5.82,3.9695,8.3e-05,0.0,85.0,100.0,45.0,57.5,100.0,0.0,91.8,1.0,58.89,,,,,,,,,
CIB-A1-051,D1_Code,91.0,5.82,6.462,0.000135,0.0,90.0,100.0,72.0,65.5,100.0,0.0,86.7,1.0,60.93,,,,,,,,,
CIB-A1-052,D1_Code,90.0,5.82,3.4282,7.1e-05,0.0,90.0,100.0,60.0,62.5,100.0,0.0,93.0,1.0,60.82,,,,,,,,,
CIB-A1-053,D1_Code,85.0,5.82,9.9806,0.000208,0.0,80.0,100.0,40.0,55.0,100.0,0.0,79.5,1.0,56.17,,,,,,,,,
CIB-A1-054,D1_Code,88.0,5.82,4.2236,8.8e-05,0.0,85.0,100.0,40.0,56.3,100.0,0.0,91.3,1.0,58.39,,,,,,,,,
CIB-A1-055,D1_Code,92.0,5.82,6.4344,0.000134,0.0,95.0,100.0,60.0,63.8,100.0,0.0,86.8,1.0,60.33,,,,,,,,,
CIB-A1-056,D1_Code,86.0,5.82,9.5741,0.000199,0.0,80.0,100.0,30.0,52.5,100.0,0.0,80.3,1.0,55.43,,,,,,,,,
CIB-A1-057,D1_Code,91.5,5.82,3.9911,8.3e-05,0.0,90.0,100.0,60.0,62.5,100.0,0.0,91.8,1.0,60.64,,,,,,,,,
CIB-A1-058,D1_Code,90.0,5.82,10.3779,0.000216,0.0,90.0,100.0,40.0,57.5,100.0,0.0,78.7,1.0,56.93,,,,,,,,,
CIB-A1-059,D1_Code,92.0,5.82,5.165,0.000108,0.0,95.0,100.0,50.0,61.3,100.0,0.0,89.4,1.0,59.85,,,,,,,,,
CIB-A1-060,D1_Code,94.0,5.82,3.115,6.5e-05,0.0,95.0,100.0,80.0,68.8,100.0,0.0,93.6,1.0,63.11,,,,,,,,,
CIB-A1-061,D1_Code,87.0,5.82,1.3723,2.9e-05,0.0,80.0,100.0,40.0,55.0,100.0,0.0,97.2,1.0,58.83,,,,,,,,,
CIB-A1-062,D1_Code,91.0,5.82,2.5426,5.3e-05,0.0,90.0,100.0,40.0,57.5,100.0,0.0,94.8,1.0,59.34,,,,,,,,,
CIB-A1-063,D1_Code,89.0,5.82,3.2716,6.8e-05,0.0,85.0,100.0,30.0,53.8,100.0,0.0,93.3,1.0,57.81,,,,,,,,,
CIB-A1-064,D1_Code,95.0,5.82,4.7751,9.9e-05,0.0,95.0,100.0,90.0,71.3,100.0,0.0,90.2,1.0,63.48,,,,,,,,,
CIB-A1-065,D1_Code,96.0,5.82,3.4117,7.1e-05,100.0,100.0,100.0,95.0,98.8,100.0,0.0,93.0,1.0,73.52,,,,,,,,,
CIB-A1-066,D1_Code,93.0,5.82,4.907,0.000102,0.0,95.0,100.0,85.0,70.0,100.0,0.0,89.9,1.0,62.99,,,,,,,,,
CIB-A1-067,D1_Code,88.0,5.82,1.7646,3.7e-05,0.0,80.0,100.0,40.0,55.0,100.0,0.0,96.4,1.0,58.71,,,,,,,,,
CIB-A1-068,D1_Code,85.0,5.82,4.1019,8.5e-05,0.0,80.0,100.0,35.0,53.8,100.0,0.0,91.6,1.0,57.56,,,,,,,,,
CIB-A1-069,D1_Code,92.0,5.82,3.7756,7.9e-05,0.0,90.0,100.0,45.0,58.8,100.0,0.0,92.2,1.0,59.41,,,,,,,,,
CIB-A1-070,D1_Code,98.5,5.82,1.4957,3.1e-05,100.0,100.0,100.0,65.0,91.3,100.0,0.0,96.9,1.0,81.47,,,,,,,,,
CIB-A1-071,D1_Code,85.0,5.82,2.1965,4.6e-05,0.0,80.0,100.0,20.0,50.0,100.0,0.0,95.5,1.0,56.82,,,,,,,,,
CIB-A1-072,D1_Code,90.0,5.82,4.4835,9.3e-05,0.0,90.0,100.0,40.0,57.5,100.0,0.0,90.8,1.0,58.74,,,,,,,,,
CIB-A1-073,D1_Code,99.1,5.82,1.5104,3.1e-05,100.0,100.0,100.0,85.0,96.3,100.0,0.0,96.9,1.0,83.22,,,,,,,,,
CIB-A1-074,D1_Code,97.0,5.82,2.0272,4.2e-05,100.0,100.0,100.0,90.0,97.5,100.0,0.0,95.8,1.0,83.5,,,,,,,,,
CIB-A1-075,D1_Code,85.0,5.82,4.3139,9e-05,0.0,80.0,100.0,30.0,52.5,100.0,0.0,91.1,1.0,57.04,,,,,,,,,
CIB-A1-076,D1_Code,96.0,5.82,4.4705,9.3e-05,100.0,100.0,100.0,95.0,98.8,100.0,0.0,90.8,1.0,83.19,,,,,,,,,
CIB-A1-077,D1_Code,95.5,5.82,3.1078,6.5e-05,100.0,100.0,100.0,35.0,83.8,100.0,0.0,93.6,1.0,78.36,,,,,,,,,
CIB-A1-078,D1_Code,94.0,5.82,1.4907,3.1e-05,100.0,100.0,100.0,90.0,97.5,100.0,0.0,96.9,1.0,83.66,,,,,,,,,
CIB-A1-079,D1_Code,98.0,5.82,0.9613,2e-05,100.0,100.0,100.0,95.0,98.8,100.0,0.0,98.0,1.0,84.28,,,,,,,,,
CIB-A1-080,D1_Code,85.0,5.82,2.8957,6e-05,0.0,80.0,100.0,30.0,52.5,100.0,0.0,94.1,1.0,57.48,,,,,,,,,
CIB-A1-081,D1_Code,85.0,5.82,2.8599,6e-05,0.0,80.0,100.0,30.0,52.5,100.0,0.0,94.1,1.0,57.49,,,,,,,,,
CIB-A1-082,D1_Code,97.0,5.82,1.0358,2.2e-05,100.0,100.0,100.0,95.0,98.8,100.0,0.0,97.9,1.0,84.26,,,,,,,,,
CIB-A1-083,D1_Code,90.0,5.82,2.9053,6.1e-05,0.0,90.0,100.0,40.0,57.5,100.0,0.0,94.0,1.0,59.23,,,,,,,,,
CIB-A1-084,D1_Code,93.0,5.82,10.0951,0.00021,0.0,95.0,100.0,70.0,66.3,100.0,0.0,79.3,1.0,60.09,,,,,,,,,
CIB-A1-085,D1_Code,90.0,5.82,1.1476,2.4e-05,0.0,85.0,100.0,40.0,56.3,100.0,0.0,97.6,1.0,59.35,,,,,,,,,
CIB-A1-086,D1_Code,80.0,5.82,1.0503,2.2e-05,0.0,70.0,100.0,20.0,47.5,100.0,0.0,97.8,1.0,56.3,,,,,,,,,
CIB-A1-087,D1_Code,94.0,5.82,4.3042,9e-05,0.0,95.0,100.0,90.0,71.3,100.0,0.0,91.2,1.0,63.62,,,,,,,,,
CIB-A1-088,D1_Code,92.0,5.82,9.443,0.000197,0.0,90.0,100.0,50.0,60.0,100.0,0.0,80.6,1.0,58.09,,,,,,,,,
CIB-A1-089,D1_Code,98.0,5.82,1.6656,3.5e-05,100.0,100.0,100.0,88.0,97.0,100.0,0.0,96.6,1.0,83.43,,,,,,,,,
CIB-A1-090,D1_Code,88.0,5.82,3.4569,7.2e-05,0.0,85.0,100.0,30.0,50.0,100.0,0.0,92.9,1.0,56.44,,,,,,,,,
CIB-A1-091,D1_Code,90.0,5.82,6.2036,0.000129,0.0,90.0,100.0,35.0,56.3,100.0,0.0,87.3,1.0,57.78,,,,,,,,,
CIB-A1-092,D1_Code,85.0,5.82,1.8375,3.8e-05,0.0,80.0,100.0,20.0,50.0,100.0,0.0,96.2,1.0,56.93,,,,,,,,,
CIB-A1-093,D1_Code,94.0,5.82,3.3319,6.9e-05,0.0,95.0,100.0,85.0,70.0,100.0,0.0,93.2,1.0,63.48,,,,,,,,,
CIB-A1-094,D1_Code,93.0,5.82,7.4349,0.000155,0.0,95.0,100.0,65.0,65.0,100.0,0.0,84.7,1.0,60.46,,,,,,,,,
CIB-A1-095,D1_Code,94.0,5.82,1.7594,3.7e-05,0.0,95.0,100.0,80.0,68.8,100.0,0.0,96.4,1.0,63.53,,,,,,,,,
CIB-A1-096,D1_Code,90.0,5.82,3.129,6.5e-05,0.0,90.0,100.0,45.0,58.8,100.0,0.0,93.6,1.0,59.61,,,,,,,,,
CIB-A1-097,D1_Code,91.0,5.82,8.9425,0.000186,0.0,90.0,100.0,50.0,60.0,100.0,0.0,81.6,1.0,58.24,,,,,,,,,
CIB-A1-098,D1_Code,99.2,5.82,1.8345,3.8e-05,100.0,100.0,100.0,70.0,92.5,100.0,0.0,96.2,1.0,81.81,,,,,,,,,
CIB-A1-099,D1_Code,94.0,5.82,3.1162,6.5e-05,0.0,95.0,100.0,80.0,68.8,100.0,0.0,93.6,1.0,63.11,,,,,,,,,
CIB-A1-100,D1_Code,92.0,5.82,5.9951,0.000125,0.0,90.0,100.0,60.0,62.5,100.0,0.0,87.7,1.0,60.03,,,,,,,,,
CIB-A1-101,D1_Code,88.0,5.82,6.4583,0.000135,0.0,85.0,100.0,30.0,53.8,100.0,0.0,86.7,1.0,56.83,,,,,,,,,
CIB-A1-102,D1_Code,90.0,5.82,2.7384,5.7e-05,0.0,90.0,100.0,30.0,55.0,100.0,0.0,94.4,1.0,58.41,,,,,,,,,
CIB-A1-103,D1_Code,93.0,5.82,11.2476,0.000234,0.0,95.0,100.0,85.0,70.0,100.0,0.0,76.9,1.0,61.03,,,,,,,,,
CIB-A1-104,D1_Code,94.0,5.82,3.2186,6.7e-05,0.0,95.0,100.0,80.0,68.8,100.0,0.0,93.4,1.0,63.08,,,,,,,,,
CIB-A1-105,D1_Code,90.0,5.82,3.6015,7.5e-05,0.0,90.0,100.0,45.0,58.8,100.0,0.0,92.6,1.0,59.46,,,,,,,,,
CIB-A1-106,D1_Code,93.0,5.82,4.7872,0.0001,0.0,95.0,100.0,70.0,66.3,100.0,0.0,90.2,1.0,61.72,,,,,,,,,
CIB-A1-107,D1_Code,97.8,5.82,1.5771,3.3e-05,100.0,100.0,100.0,40.0,85.0,100.0,0.0,96.8,1.0,79.26,,,,,,,,,
CIB-A1-108,D1_Code,93.0,5.82,7.968,0.000166,0.0,95.0,100.0,70.0,66.3,100.0,0.0,83.6,1.0,60.74,,,,,,,,,
CIB-A1-109,D1_Code,92.0,5.82,4.977,0.000104,0.0,90.0,100.0,65.0,63.8,100.0,0.0,89.8,1.0,60.79,,,,,,,,,
CIB-A1-110,D1_Code,95.0,5.82,2.9385,6.1e-05,0.0,100.0,100.0,90.0,72.5,100.0,0.0,94.0,1.0,64.47,,,,,,,,,
CIB-A1-111,D1_Code,96.5,5.82,2.7319,5.7e-05,100.0,100.0,100.0,82.0,95.5,100.0,0.0,94.4,1.0,82.58,,,,,,,,,
CIB-A1-112,D1_Code,90.0,5.82,4.5264,9.4e-05,0.0,90.0,100.0,55.0,61.3,100.0,0.0,90.7,1.0,60.05,,,,,,,,,
CIB-A1-113,D1_Code,95.0,5.82,3.1915,6.6e-05,0.0,95.0,100.0,90.0,71.3,100.0,0.0,93.4,1.0,63.95,,,,,,,,,
CIB-A1-114,D1_Code,95.0,5.82,3.4446,7.2e-05,0.0,100.0,100.0,95.0,73.8,100.0,0.0,92.9,1.0,64.76,,,,,,,,,
CIB-A1-115,D1_Code,88.0,5.82,5.1876,0.000108,0.0,85.0,100.0,40.0,56.3,100.0,0.0,89.3,1.0,58.1,,,,,,,,,
CIB-A1-116,D1_Code,91.0,5.82,2.2948,4.8e-05,0.0,90.0,100.0,55.0,61.3,100.0,0.0,95.3,1.0,60.73,,,,,,,,,
CIB-A1-117,D1_Code,85.0,5.82,1.0671,2.2e-05,0.0,80.0,100.0,20.0,50.0,100.0,0.0,97.8,1.0,57.17,,,,,,,,,
CIB-A1-118,D1_Code,88.0,5.82,5.8085,0.000121,0.0,85.0,100.0,35.0,55.0,100.0,0.0,88.1,1.0,57.46,,,,,,,,,
CIB-A1-119,D1_Code,98.1,5.82,2.4749,5.2e-05,100.0,100.0,100.0,75.0,93.8,100.0,0.0,94.9,1.0,82.06,,,,,,,,,
CIB-A1-120,D1_Code,97.4,5.82,2.2366,4.7e-05,100.0,100.0,100.0,90.0,97.5,100.0,0.0,95.4,1.0,83.43,,,,,,,,,
CIB-A1-121,D1_Code,85.0,5.82,13.4072,0.000279,0.0,80.0,100.0,30.0,52.5,100.0,0.0,72.5,1.0,54.24,,,,,,,,,
CIB-A1-122,D1_Code,93.0,5.82,5.0402,0.000105,0.0,95.0,100.0,70.0,66.3,100.0,0.0,89.6,1.0,61.64,,,,,,,,,
CIB-A1-123,D1_Code,94.0,5.82,4.6681,9.7e-05,0.0,95.0,100.0,80.0,68.8,100.0,0.0,90.4,1.0,62.63,,,,,,,,,
CIB-A1-124,D1_Code,92.0,5.82,10.8324,0.000226,0.0,90.0,100.0,65.0,63.8,100.0,0.0,77.7,1.0,58.98,,,,,,,,,
CIB-A1-125,D1_Code,85.0,5.82,0.9599,2e-05,0.0,80.0,100.0,20.0,50.0,100.0,0.0,98.0,1.0,57.2,,,,,,,,,
CIB-A1-126,D1_Code,95.0,5.82,2.9845,6.2e-05,100.0,100.0,100.0,95.0,98.8,100.0,0.0,93.9,1.0,83.66,,,,,,,,,
CIB-A1-127,D1_Code,94.0,5.82,7.8554,0.000164,0.0,95.0,100.0,85.0,70.0,100.0,0.0,83.9,1.0,62.08,,,,,,,,,
CIB-A1-128,D1_Code,91.0,5.82,2.4067,5e-05,0.0,90.0,100.0,60.0,62.5,100.0,0.0,95.1,1.0,61.13,,,,,,,,,
CIB-A1-129,D1_Code,88.0,5.82,2.4636,5.1e-05,0.0,85.0,100.0,25.0,52.5,100.0,0.0,94.9,1.0,57.62,,,,,,,,,
CIB-A1-130,D1_Code,90.0,5.82,8.446,0.000176,0.0,90.0,100.0,45.0,58.8,100.0,0.0,82.6,1.0,58.97,,,,,,,,,
CIB-A1-131,D1_Code,92.0,5.82,5.4408,0.000113,0.0,90.0,100.0,65.0,63.8,100.0,0.0,88.8,1.0,61.01,,,,,,,,,
CIB-A1-132,D1_Code,96.0,5.82,1.1833,2.5e-05,100.0,100.0,100.0,95.0,98.8,100.0,0.0,97.6,1.0,84.22,,,,,,,,,
CIB-A1-133,D1_Code,85.0,5.82,3.1954,6.7e-05,0.0,80.0,100.0,20.0,50.0,100.0,0.0,93.4,1.0,56.51,,,,,,,,,
CIB-A1-134,D1_Code,90.0,5.82,3.1765,6.6e-05,0.0,90.0,100.0,45.0,58.8,100.0,0.0,93.5,1.0,60.6,,,,,,,,,
CIB-A1-135,D1_Code,92.0,5.82,7.8994,0.000165,0.0,95.0,100.0,60.0,63.8,100.0,0.0,83.8,1.0,59.89,,,,,,,,,
CIB-A1-136,D1_Code,93.0,5.82,6.6533,0.000139,0.0,95.0,100.0,85.0,70.0,100.0,0.0,86.3,1.0,62.45,,,,,,,,,
CIB-A1-137,D1_Code,94.0,5.82,3.2933,6.9e-05,0.0,95.0,100.0,85.0,70.0,100.0,0.0,93.2,1.0,63.48,,,,,,,,,
CIB-A1-138,D1_Code,91.0,5.82,4.4476,9.3e-05,0.0,90.0,100.0,55.0,61.3,100.0,0.0,90.9,1.0,60.08,,,,,,,,,
CIB-A1-139,D1_Code,91.0,5.82,4.1907,8.7e-05,0.0,90.0,100.0,55.0,61.3,100.0,0.0,91.4,1.0,60.15,,,,,,,,,
CIB-A1-140,D1_Code,96.0,5.82,2.0449,4.3e-05,100.0,100.0,100.0,95.0,98.8,100.0,0.0,95.8,1.0,83.94,,,,,,,,,
CIB-A1-141,D1_Code,92.0,5.82,10.5505,0.00022,0.0,95.0,100.0,65.0,65.0,100.0,0.0,78.3,1.0,61.49,,,,,,,,,
CIB-A1-142,D1_Code,88.0,5.82,3.769,7.9e-05,0.0,85.0,100.0,20.0,50.0,100.0,0.0,92.3,1.0,56.34,,,,,,,,,
CIB-A1-143,D1_Code,90.0,5.82,2.124,4.4e-05,0.0,85.0,100.0,50.0,58.8,100.0,0.0,95.6,1.0,59.92,,,,,,,,,
CIB-A1-144,D1_Code,85.0,5.82,2.3986,5e-05,0.0,80.0,100.0,15.0,48.8,100.0,0.0,95.1,1.0,56.34,,,,,,,,,
CIB-A1-145,D1_Code,85.0,5.82,18.2816,0.000381,0.0,80.0,100.0,15.0,48.8,100.0,0.0,62.4,1.0,51.44,,,,,,,,,
CIB-A1-146,D1_Code,90.0,5.82,4.9891,0.000104,0.0,90.0,100.0,40.0,57.5,100.0,0.0,89.7,1.0,58.58,,,,,,,,,
CIB-A1-147,D1_Code,90.0,5.82,6.0468,0.000126,0.0,90.0,100.0,40.0,57.5,100.0,0.0,87.6,1.0,58.26,,,,,,,,,
CIB-A1-148,D1_Code,91.0,5.82,5.0314,0.000105,0.0,90.0,100.0,55.0,61.3,100.0,0.0,89.7,1.0,59.9,,,,,,,,,
CIB-A1-149,D1_Code,85.0,5.82,2.3739,4.9e-05,0.0,80.0,100.0,20.0,50.0,100.0,0.0,95.1,1.0,56.77,,,,,,,,,
CIB-A1-150,D1_Code,85.0,5.82,5.0004,0.000104,0.0,80.0,100.0,20.0,50.0,100.0,0.0,89.7,1.0,55.96,,,,,,,,,
CIB-B1-001,D2_Secu,100.0,5.82,25.0822,0.000523,,,,,0.0,0.0,0.0,48.4,0.0,0.0,1.0,0.0,0.0,100.0,,,,,
CIB-B1-002,D2_Secu,100.0,5.82,14.6753,0.000306,,,,,0.0,0.0,0.0,69.8,0.0,0.0,1.0,0.0,0.0,100.0,,,,,
CIB-B1-003,D2_Secu,100.0,5.82,15.6999,0.000327,,,,,0.0,0.0,0.0,67.7,0.0,0.0,0.0,1.0,0.0,100.0,,,,,
CIB-B1-004,D2_Secu,45.0,5.82,41.0572,0.000855,,,,,0.0,100.0,0.0,15.6,1.0,27.35,0.0,0.0,0.0,100.0,,,,,
CIB-B1-005,D2_Secu,100.0,5.82,31.9383,0.000665,,,,,0.0,100.0,0.0,34.4,1.0,30.16,0.0,0.0,0.0,100.0,,,,,
CIB-B1-006,D2_Secu,10.0,5.82,10.7192,0.000223,,,,,0.0,0.0,0.0,78.0,0.0,0.0,1.0,0.0,0.0,50.0,,,,,
CIB-B1-007,D2_Secu,100.0,5.82,28.2723,0.000589,,,,,0.0,100.0,0.0,41.9,1.0,31.29,0.0,0.0,0.0,100.0,,,,,
CIB-B1-008,D2_Secu,100.0,5.82,36.3268,0.000757,,,,,0.0,100.0,0.0,25.4,1.0,28.81,0.0,0.0,0.0,100.0,,,,,
CIB-B1-009,D2_Secu,100.0,5.82,38.0509,0.000793,,,,,0.0,100.0,0.0,21.8,1.0,28.27,0.0,0.0,0.0,100.0,,,,,
CIB-B1-010,D2_Secu,100.0,5.82,47.7057,0.000994,,,,,0.0,0.0,0.0,2.0,0.0,0.0,1.0,0.0,0.0,100.0,,,,,
CIB-B1-011,D2_Secu,25.0,5.82,6.6047,0.000138,,,,,0.0,0.0,0.0,86.4,0.0,0.0,0.0,1.0,0.0,100.0,,,,,
CIB-B1-012,D2_Secu,30.0,5.82,2.693,5.6e-05,,,,,0.0,0.0,0.0,94.5,0.0,0.0,0.0,1.0,0.0,100.0,,,,,
CIB-B1-013,D2_Secu,100.0,5.82,25.2127,0.000525,,,,,0.0,100.0,0.0,48.2,1.0,32.23,0.0,0.0,0.0,100.0,,,,,
CIB-B1-014,D2_Secu,100.0,5.82,37.2667,0.000776,,,,,0.0,100.0,0.0,23.4,1.0,28.51,0.0,0.0,0.0,100.0,,,,,
CIB-B1-015,D2_Secu,98.0,5.82,8.2366,0.000172,,,,,0.0,0.0,0.0,83.1,0.0,0.0,1.0,0.0,0.0,100.0,,,,,
CIB-B1-016,D2_Secu,100.0,5.82,29.4605,0.000614,,,,,0.0,100.0,0.0,39.5,1.0,30.92,0.0,0.0,0.0,100.0,,,,,
CIB-B1-017,D2_Secu,100.0,5.82,12.4308,0.000259,,,,,0.0,100.0,0.0,74.5,1.0,36.17,0.0,0.0,0.0,100.0,,,,,
CIB-B1-018,D2_Secu,100.0,5.82,27.0786,0.000564,,,,,0.0,100.0,0.0,44.4,1.0,31.66,0.0,0.0,0.0,100.0,,,,,
CIB-B1-019,D2_Secu,100.0,5.82,5.9596,0.000124,,,,,0.0,100.0,0.0,87.8,1.0,38.16,0.0,0.0,0.0,100.0,,,,,
CIB-B1-020,D2_Secu,100.0,5.82,15.7842,0.000329,,,,,0.0,100.0,0.0,67.6,1.0,35.14,0.0,0.0,0.0,100.0,,,,,
CIB-B1-021,D2_Secu,100.0,5.82,47.7258,0.000994,,,,,0.0,100.0,0.0,1.9,1.0,25.29,0.0,0.0,0.0,100.0,,,,,
CIB-B1-022,D2_Secu,100.0,5.82,30.3899,0.000633,,,,,0.0,100.0,0.0,37.6,1.0,30.63,0.0,0.0,0.0,100.0,,,,,
CIB-B1-023,D2_Secu,100.0,5.82,45.1687,0.000941,,,,,0.0,100.0,0.0,7.2,1.0,26.08,0.0,0.0,0.0,100.0,,,,,
CIB-B1-024,D2_Secu,100.0,5.82,22.5521,0.00047,,,,,0.0,100.0,0.0,53.7,1.0,33.05,0.0,0.0,0.0,100.0,,,,,
CIB-B1-025,D2_Secu,100.0,5.82,21.3848,0.000446,,,,,0.0,100.0,0.0,56.1,1.0,33.41,0.0,0.0,0.0,100.0,,,,,
CIB-B1-026,D2_Secu,100.0,5.82,26.2792,0.000547,,,,,0.0,100.0,0.0,46.0,1.0,31.9,0.0,0.0,0.0,100.0,,,,,
CIB-B1-027,D2_Secu,100.0,5.82,47.9295,0.000999,,,,,0.0,100.0,0.0,1.5,1.0,25.23,0.0,0.0,0.0,100.0,,,,,
CIB-B1-028,D2_Secu,100.0,5.82,6.0331,0.000126,,,,,0.0,100.0,0.0,87.6,1.0,38.14,0.0,0.0,0.0,100.0,,,,,
CIB-B1-029,D2_Secu,40.0,5.82,6.5811,0.000137,,,,,0.0,0.0,0.0,86.5,0.0,0.0,0.0,1.0,0.0,100.0,,,,,
CIB-B1-030,D2_Secu,100.0,5.82,41.605,0.000867,,,,,0.0,100.0,0.0,14.5,1.0,27.18,0.0,0.0,0.0,100.0,,,,,
CIB-B1-031,D2_Secu,100.0,5.82,25.3644,0.000528,,,,,0.0,100.0,0.0,47.9,1.0,32.19,0.0,0.0,0.0,100.0,,,,,
CIB-B1-032,D2_Secu,100.0,5.82,38.7213,0.000807,,,,,0.0,100.0,0.0,20.4,1.0,28.07,0.0,0.0,0.0,100.0,,,,,
CIB-B1-033,D2_Secu,100.0,5.82,47.4658,0.000989,,,,,0.0,100.0,0.0,2.5,1.0,25.37,0.0,0.0,0.0,100.0,,,,,
CIB-B1-034,D2_Secu,100.0,5.82,39.1426,0.000815,,,,,0.0,100.0,0.0,19.6,1.0,27.94,0.0,0.0,0.0,100.0,,,,,
CIB-B1-035,D2_Secu,100.0,5.82,15.5795,0.000325,,,,,0.0,100.0,0.0,68.0,1.0,35.2,0.0,0.0,0.0,100.0,,,,,
CIB-B1-036,D2_Secu,100.0,5.82,22.955,0.000478,,,,,0.0,100.0,0.0,52.8,1.0,32.92,0.0,0.0,0.0,100.0,,,,,
CIB-B1-037,D2_Secu,100.0,5.82,20.8569,0.000435,,,,,0.0,100.0,0.0,57.1,1.0,33.57,0.0,0.0,0.0,100.0,,,,,
CIB-B1-038,D2_Secu,35.0,5.82,33.9207,0.000707,,,,,0.0,0.0,0.0,30.3,0.0,0.0,0.0,1.0,0.0,100.0,,,,,
CIB-B1-039,D2_Secu,20.0,5.82,4.4864,9.3e-05,,,,,0.0,0.0,0.0,90.8,0.0,0.0,0.0,1.0,0.0,100.0,,,,,
CIB-B1-040,D2_Secu,100.0,5.82,47.2158,0.000984,,,,,0.0,100.0,0.0,3.0,1.0,25.45,0.0,0.0,0.0,100.0,,,,,
CIB-B1-041,D2_Secu,100.0,5.82,33.3322,0.000694,,,,,0.0,100.0,0.0,31.5,1.0,29.73,0.0,0.0,0.0,100.0,,,,,
CIB-B1-042,D2_Secu,100.0,5.82,22.1452,0.000461,,,,,0.0,100.0,0.0,54.5,1.0,33.17,0.0,0.0,0.0,100.0,,,,,
CIB-B1-043,D2_Secu,100.0,5.82,19.9313,0.000415,,,,,0.0,100.0,0.0,59.1,1.0,33.86,0.0,0.0,0.0,100.0,,,,,
CIB-B1-044,D2_Secu,25.0,5.82,20.4584,0.000426,,,,,0.0,0.0,0.0,58.0,0.0,0.0,0.0,1.0,0.0,100.0,,,,,
CIB-B1-045,D2_Secu,100.0,5.82,47.4554,0.000989,,,,,0.0,100.0,0.0,2.5,1.0,25.37,0.0,0.0,0.0,100.0,,,,,
CIB-B1-046,D2_Secu,100.0,5.82,6.6209,0.000138,,,,,0.0,100.0,0.0,86.4,1.0,37.96,0.0,0.0,0.0,100.0,,,,,
CIB-B1-047,D2_Secu,100.0,5.82,31.4485,0.000655,,,,,0.0,100.0,0.0,35.4,1.0,30.31,0.0,0.0,0.0,100.0,,,,,
CIB-B1-048,D2_Secu,100.0,5.82,27.0708,0.000564,,,,,0.0,100.0,0.0,44.4,1.0,31.66,0.0,0.0,0.0,100.0,,,,,
CIB-B1-049,D2_Secu,100.0,5.82,17.6993,0.000369,,,,,0.0,100.0,0.0,63.6,1.0,34.55,0.0,0.0,0.0,100.0,,,,,
CIB-B1-050,D2_Secu,15.0,5.82,34.4328,0.000717,,,,,0.0,0.0,0.0,29.3,0.0,0.0,0.0,1.0,0.0,100.0,,,,,
CIB-B1-051,D2_Secu,100.0,5.82,28.2017,0.000588,,,,,0.0,100.0,0.0,42.0,1.0,31.31,0.0,0.0,0.0,100.0,,,,,
CIB-B1-052,D2_Secu,100.0,5.82,30.4495,0.000634,,,,,0.0,100.0,0.0,37.4,1.0,30.62,0.0,0.0,0.0,100.0,,,,,
CIB-B1-053,D2_Secu,100.0,5.82,13.6513,0.000284,,,,,0.0,100.0,0.0,72.0,1.0,35.8,0.0,0.0,0.0,100.0,,,,,
CIB-B1-054,D2_Secu,20.0,5.82,6.4926,0.000135,,,,,0.0,0.0,0.0,86.7,0.0,0.0,0.0,1.0,0.0,100.0,,,,,
CIB-B1-055,D2_Secu,100.0,5.82,34.6322,0.000722,,,,,0.0,100.0,0.0,28.8,1.0,29.32,0.0,0.0,0.0,100.0,,,,,
CIB-B1-056,D2_Secu,25.0,5.82,9.3651,0.000195,,,,,0.0,0.0,0.0,80.8,0.0,0.0,0.0,1.0,0.0,100.0,,,,,
CIB-B1-057,30.0,5.82,23.9752,0.0005,0.0,,,,,0.0,0.0,50.7,0.0,0.0,,1.0,0.0,100.0,0.0,,,,,
CIB-B1-058,100.0,5.82,33.8448,0.000705,0.0,,,,,100.0,0.0,30.5,1.0,29.57,,0.0,0.0,100.0,0.0,,,,,
CIB-B1-059,100.0,5.82,32.9738,0.000687,0.0,,,,,100.0,0.0,32.3,1.0,29.84,,0.0,0.0,100.0,0.0,,,,,
CIB-B1-060,20.0,5.82,29.0282,0.000605,0.0,,,,,0.0,0.0,40.4,0.0,0.0,,1.0,0.0,100.0,0.0,,,,,
CIB-B1-061,25.0,5.82,17.5538,0.000366,0.0,,,,,0.0,0.0,63.9,0.0,0.0,,1.0,0.0,100.0,0.0,,,,,
CIB-B1-062,20.0,5.82,5.9479,0.000124,0.0,,,,,0.0,0.0,87.8,0.0,0.0,,1.0,0.0,100.0,0.0,,,,,
CIB-B1-063,15.0,5.82,4.7164,9.8e-05,0.0,,,,,0.0,0.0,90.3,0.0,0.0,,1.0,0.0,100.0,0.0,,,,,
CIB-B1-064,25.0,5.82,12.3382,0.000257,0.0,,,,,0.0,0.0,74.6,0.0,0.0,,1.0,0.0,100.0,0.0,,,,,
CIB-B1-065,20.0,5.82,5.3602,0.000112,0.0,,,,,0.0,0.0,89.0,0.0,0.0,,1.0,0.0,100.0,0.0,,,,,
CIB-B1-066,100.0,5.82,23.1934,0.000483,0.0,,,,,100.0,0.0,52.3,1.0,32.85,,0.0,0.0,100.0,0.0,,,,,
CIB-B1-067,100.0,5.82,30.3715,0.000633,0.0,,,,,100.0,0.0,37.6,1.0,30.64,,0.0,0.0,100.0,0.0,,,,,
CIB-B1-068,100.0,5.82,5.5092,0.000115,0.0,,,,,100.0,0.0,88.7,1.0,38.3,,0.0,0.0,100.0,0.0,,,,,
CIB-B1-069,100.0,5.82,18.1225,0.000378,0.0,,,,,100.0,0.0,62.8,1.0,34.41,,0.0,0.0,100.0,0.0,,,,,
CIB-B1-070,100.0,5.82,43.1077,0.000898,0.0,,,,,100.0,0.0,11.4,1.0,26.71,,0.0,0.0,100.0,0.0,,,,,
CIB-B1-071,100.0,5.82,22.5364,0.00047,0.0,,,,,100.0,0.0,53.7,1.0,33.05,,0.0,0.0,100.0,0.0,,,,,
CIB-B1-072,25.0,5.82,21.0814,0.000439,0.0,,,,,0.0,0.0,56.7,0.0,0.0,,1.0,0.0,100.0,0.0,,,,,
CIB-B1-073,100.0,5.82,19.2781,0.000402,0.0,,,,,100.0,0.0,60.4,1.0,34.06,,0.0,0.0,100.0,0.0,,,,,
CIB-B1-074,100.0,5.82,28.6508,0.000597,0.0,,,,,100.0,0.0,41.1,1.0,31.17,,0.0,0.0,100.0,0.0,,,,,
CIB-B1-075,20.0,5.82,17.5683,0.000366,0.0,,,,,0.0,0.0,63.9,0.0,0.0,,1.0,0.0,100.0,0.0,,,,,
CIB-B1-076,100.0,5.82,23.7587,0.000495,0.0,,,,,100.0,0.0,51.2,1.0,32.68,,0.0,0.0,100.0,0.0,,,,,
CIB-B1-077,100.0,5.82,20.0539,0.000418,0.0,,,,,100.0,0.0,58.8,1.0,33.82,,0.0,0.0,100.0,0.0,,,,,
CIB-B1-078,100.0,5.82,29.7533,0.00062,0.0,,,,,100.0,0.0,38.9,1.0,30.83,,0.0,0.0,100.0,0.0,,,,,
CIB-B1-079,15.0,5.82,9.5629,0.000199,0.0,,,,,0.0,0.0,80.4,0.0,0.0,,1.0,0.0,100.0,0.0,,,,,
CIB-B1-080,100.0,5.82,6.5182,0.000136,0.0,,,,,100.0,0.0,86.6,1.0,37.99,,0.0,0.0,100.0,0.0,,,,,
CIB-B1-081,20.0,5.82,22.1307,0.000461,0.0,,,,,0.0,0.0,54.5,0.0,0.0,,1.0,0.0,100.0,0.0,,,,,
CIB-B1-082,100.0,5.82,22.5806,0.00047,0.0,,,,,100.0,0.0,53.6,1.0,33.04,,0.0,0.0,100.0,0.0,,,,,
CIB-B1-083,100.0,5.82,5.5835,0.000116,0.0,,,,,100.0,0.0,88.5,1.0,38.28,,0.0,0.0,100.0,0.0,,,,,
CIB-B1-084,40.0,5.82,47.8627,0.000997,0.0,,,,,100.0,0.0,1.7,1.0,25.25,,0.0,0.0,100.0,0.0,,,,,
CIB-B1-085,100.0,5.82,29.7445,0.00062,0.0,,,,,100.0,0.0,38.9,1.0,30.83,,0.0,0.0,100.0,0.0,,,,,
CIB-B1-086,100.0,5.82,29.6865,0.000618,0.0,,,,,100.0,0.0,39.0,1.0,30.85,,0.0,0.0,100.0,0.0,,,,,
CIB-B1-087,100.0,5.82,13.0462,0.000272,0.0,,,,,100.0,0.0,73.2,1.0,35.98,,0.0,0.0,100.0,0.0,,,,,
CIB-B1-088,100.0,5.82,36.3908,0.000758,0.0,,,,,100.0,0.0,25.2,1.0,28.79,,0.0,0.0,100.0,0.0,,,,,
CIB-B1-089,100.0,5.82,47.3263,0.000986,0.0,,,,,100.0,0.0,2.8,1.0,25.42,,0.0,0.0,100.0,0.0,,,,,
CIB-B1-090,100.0,5.82,31.4691,0.000656,0.0,,,,,100.0,0.0,35.4,1.0,30.3,,0.0,0.0,100.0,0.0,,,,,
CIB-B1-091,100.0,5.82,5.7822,0.00012,0.0,,,,,100.0,0.0,88.1,1.0,38.22,,0.0,0.0,100.0,0.0,,,,,
CIB-B1-092,100.0,5.82,21.2852,0.000443,0.0,,,,,100.0,0.0,56.3,1.0,33.44,,0.0,0.0,100.0,0.0,,,,,
CIB-B1-093,100.0,5.82,15.7384,0.000328,0.0,,,,,100.0,0.0,67.7,1.0,35.15,,0.0,0.0,100.0,0.0,,,,,
CIB-B1-094,100.0,5.82,7.325,0.000153,0.0,,,,,100.0,0.0,84.9,1.0,37.74,,0.0,0.0,100.0,0.0,,,,,
CIB-B1-095,25.0,5.82,4.872,0.000102,0.0,,,,,0.0,0.0,90.0,0.0,0.0,,1.0,0.0,100.0,0.0,,,,,
CIB-B1-096,12.0,5.82,17.5148,0.000365,0.0,,,,,0.0,0.0,64.0,0.0,0.0,,1.0,0.0,100.0,0.0,,,,,
CIB-B1-097,100.0,5.82,24.8143,0.000517,0.0,,,,,100.0,0.0,49.0,1.0,32.35,,0.0,0.0,100.0,0.0,,,,,
CIB-B1-098,100.0,5.82,20.1452,0.00042,0.0,,,,,100.0,0.0,58.6,1.0,33.79,,0.0,0.0,100.0,0.0,,,,,
CIB-B1-099,100.0,5.82,8.4332,0.000176,0.0,,,,,100.0,0.0,82.7,1.0,37.4,,0.0,0.0,100.0,0.0,,,,,
CIB-B1-100,100.0,5.82,18.9203,0.000394,0.0,,,,,100.0,0.0,61.1,1.0,34.17,,0.0,0.0,100.0,0.0,,,,,
CIB-C1-001,D3_RAG,85.0,5.82,6.0534,0.000126,,,,,0.0,100.0,72.1,87.6,1.0,56.16,,,,,23.5,80.0,85.0,100.0,
CIB-C1-002,D3_RAG,90.0,5.82,3.7177,7.7e-05,,,,,0.0,100.0,81.7,92.4,1.0,69.27,,,,,41.7,95.0,90.0,100.0,
CIB-C1-003,D3_RAG,88.0,5.82,5.2326,0.000109,,,,,0.0,100.0,79.8,89.2,1.0,68.35,,,,,44.4,90.0,85.0,100.0,
CIB-C1-004,D3_RAG,91.0,5.82,9.2996,0.000194,,,,,0.0,100.0,77.5,80.9,1.0,66.5,,,,,36.8,85.0,88.0,100.0,
CIB-C1-005,D3_RAG,87.0,5.82,9.6368,0.000201,,,,,0.0,100.0,72.5,80.2,1.0,65.15,,,,,25.0,80.0,85.0,100.0,
CIB-C1-006,D3_RAG,60.0,5.82,16.2697,0.000339,,,,,0.0,100.0,34.2,66.6,1.0,43.54,,,,,16.9,40.0,80.0,0.0,
CIB-C1-007,D3_RAG,92.0,5.82,3.6976,7.7e-05,,,,,0.0,100.0,80.7,92.4,1.0,69.04,,,,,34.8,100.0,88.0,100.0,
CIB-C1-008,D3_RAG,90.0,5.82,4.1097,8.6e-05,,,,,0.0,100.0,75.9,91.5,1.0,67.7,,,,,28.6,90.0,85.0,100.0,
CIB-C1-009,D3_RAG,55.0,5.82,18.4417,0.000384,,,,,0.0,100.0,28.4,62.1,1.0,41.42,,,,,18.6,20.0,75.0,0.0,
CIB-C1-010,D3_RAG,95.0,5.82,3.5523,7.4e-05,,,,,0.0,100.0,84.4,92.7,1.0,69.99,,,,,45.5,100.0,92.0,100.0,
CIB-C1-011,D3_RAG,88.0,5.82,5.1863,0.000108,,,,,0.0,100.0,71.6,89.3,1.0,66.3,,,,,11.4,90.0,85.0,100.0,
CIB-C1-012,D3_RAG,89.0,5.82,20.4033,0.000425,,,,,0.0,100.0,67.6,58.1,1.0,60.61,,,,,5.4,80.0,85.0,100.0,
CIB-C1-013,D3_RAG,58.0,5.82,12.2186,0.000255,,,,,0.0,100.0,30.1,74.9,1.0,43.75,,,,,12.2,30.0,78.0,0.0,
CIB-C1-014,D3_RAG,85.0,5.82,7.1097,0.000148,,,,,0.0,100.0,72.2,85.4,1.0,65.86,,,,,18.9,85.0,85.0,100.0,
CIB-C1-015,D3_RAG,62.0,5.82,15.4914,0.000323,,,,,0.0,100.0,34.7,68.2,1.0,43.9,,,,,18.7,40.0,80.0,0.0,
CIB-C1-016,D3_RAG,91.0,5.82,4.323,9e-05,,,,,0.0,100.0,74.1,91.1,1.0,67.19,,,,,11.4,95.0,90.0,100.0,
CIB-C1-017,D3_RAG,94.0,5.82,4.0897,8.5e-05,,,,,0.0,100.0,89.2,91.6,1.0,71.04,,,,,66.7,100.0,90.0,100.0,
CIB-C1-018,D3_RAG,89.0,5.82,6.3,0.000131,,,,,0.0,100.0,77.3,87.1,1.0,67.38,,,,,34.0,90.0,85.0,100.0,
CIB-C1-019,D3_RAG,52.0,5.82,12.7867,0.000266,,,,,0.0,100.0,29.4,73.7,1.0,43.41,,,,,22.6,20.0,75.0,0.0,
CIB-C1-020,D3_RAG,50.0,5.82,26.1715,0.000545,,,,,0.0,100.0,26.8,46.2,1.0,38.62,,,,,17.0,10.0,80.0,0.0,
CIB-C1-021,D3_RAG,85.0,5.82,20.076,0.000418,,,,,0.0,100.0,69.2,58.8,1.0,61.13,,,,,12.0,80.0,85.0,100.0,
CIB-C1-022,D3_RAG,86.0,5.82,17.5495,0.000366,,,,,0.0,100.0,70.6,63.9,1.0,62.26,,,,,9.6,85.0,88.0,100.0,
CIB-C1-023,D3_RAG,93.0,5.82,7.0118,0.000146,,,,,0.0,100.0,72.5,85.6,1.0,65.96,,,,,4.9,95.0,90.0,100.0,
CIB-C1-024,D3_RAG,80.0,5.82,13.0363,0.000272,,,,,0.0,100.0,63.8,73.2,1.0,58.93,,,,,5.0,70.0,80.0,100.0,
CIB-C1-025,D3_RAG,64.0,5.82,9.6902,0.000202,,,,,0.0,100.0,33.8,80.1,1.0,45.47,,,,,15.4,40.0,80.0,0.0,
CIB-C1-026,D3_RAG,88.0,5.82,10.9878,0.000229,,,,,0.0,100.0,72.2,77.4,1.0,64.66,,,,,13.6,90.0,85.0,100.0,
CIB-C1-027,D3_RAG,90.0,5.82,6.3857,0.000133,,,,,0.0,100.0,79.1,86.9,1.0,67.81,,,,,33.3,95.0,88.0,100.0,
CIB-C1-028,D3_RAG,92.0,5.82,4.1481,8.6e-05,,,,,0.0,100.0,82.1,91.5,1.0,69.25,,,,,43.5,95.0,90.0,100.0,
CIB-C1-029,D3_RAG,91.0,5.82,7.5533,0.000157,,,,,0.0,100.0,77.6,84.5,1.0,67.07,,,,,35.3,90.0,85.0,100.0,
CIB-C1-030,D3_RAG,60.0,5.82,12.3409,0.000257,,,,,0.0,100.0,30.1,74.6,1.0,43.71,,,,,15.2,30.0,75.0,0.0,
CIB-C1-031,D3_RAG,85.0,5.82,14.8191,0.000309,,,,,0.0,100.0,69.6,69.5,1.0,59.85,,,,,13.6,80.0,85.0,100.0,
CIB-C1-032,D3_RAG,90.0,5.82,5.6843,0.000118,,,,,0.0,100.0,76.6,88.3,1.0,67.4,,,,,23.3,95.0,88.0,100.0,
CIB-C1-033,D3_RAG,55.0,5.82,10.2946,0.000214,,,,,0.0,100.0,28.9,78.9,1.0,44.05,,,,,20.5,20.0,75.0,0.0,
CIB-C1-034,D3_RAG,88.0,5.82,10.9404,0.000228,,,,,0.0,100.0,73.3,77.5,1.0,64.95,,,,,23.1,85.0,85.0,100.0,
CIB-C1-035,D3_RAG,85.0,5.82,16.5809,0.000345,,,,,0.0,100.0,69.8,66.0,1.0,59.35,,,,,14.2,80.0,85.0,100.0,
CIB-C1-036,D3_RAG,60.0,5.82,14.8218,0.000309,,,,,0.0,100.0,30.6,69.6,1.0,43.07,,,,,12.2,30.0,80.0,0.0,
CIB-C1-037,D3_RAG,93.0,5.82,3.8819,8.1e-05,,,,,0.0,100.0,78.4,92.0,1.0,68.41,,,,,28.6,95.0,90.0,100.0,
CIB-C1-038,D3_RAG,89.0,5.82,6.8735,0.000143,,,,,0.0,100.0,72.6,85.9,1.0,66.03,,,,,20.4,85.0,85.0,100.0,
CIB-C1-039,D3_RAG,94.0,5.82,5.1979,0.000108,,,,,0.0,100.0,74.8,89.3,1.0,67.11,,,,,14.3,95.0,90.0,100.0,
CIB-C1-040,D3_RAG,96.0,5.82,4.0699,8.5e-05,,,,,0.0,100.0,87.9,91.6,1.0,70.73,,,,,66.7,100.0,85.0,100.0,
CIB-C1-041,D3_RAG,88.0,5.82,8.5751,0.000179,,,,,0.0,100.0,72.0,82.4,1.0,65.35,,,,,12.9,90.0,85.0,100.0,
CIB-C1-042,D3_RAG,85.0,5.82,15.6215,0.000325,,,,,0.0,100.0,68.8,67.9,1.0,59.4,,,,,10.4,80.0,85.0,100.0,
CIB-C1-043,D3_RAG,92.0,5.82,3.6276,7.6e-05,,,,,0.0,100.0,75.1,92.5,1.0,67.66,,,,,17.4,95.0,88.0,100.0,
CIB-C1-044,D3_RAG,65.0,5.82,8.468,0.000176,,,,,0.0,100.0,38.4,82.6,1.0,46.99,,,,,38.8,40.0,75.0,0.0,
CIB-C1-045,D3_RAG,86.0,5.82,10.8099,0.000225,,,,,0.0,100.0,72.0,77.8,1.0,64.66,,,,,17.9,85.0,85.0,100.0,
CIB-C1-046,D3_RAG,90.0,5.82,6.5748,0.000137,,,,,0.0,100.0,71.7,86.5,1.0,65.9,,,,,11.8,90.0,85.0,100.0,
CIB-C1-047,D3_RAG,65.0,5.82,8.9744,0.000187,,,,,0.0,100.0,27.7,81.6,1.0,44.16,,,,,2.7,30.0,78.0,0.0,
CIB-C1-048,D3_RAG,88.0,5.82,10.5326,0.000219,,,,,0.0,100.0,71.8,78.3,1.0,64.7,,,,,17.1,85.0,85.0,100.0,
CIB-C1-049,D3_RAG,98.0,5.82,2.6323,5.5e-05,,,,,0.0,100.0,82.1,94.6,1.0,69.71,,,,,33.3,100.0,95.0,100.0,
CIB-C1-050,D3_RAG,87.0,5.82,9.5074,0.000198,,,,,0.0,100.0,69.6,80.4,1.0,64.48,,,,,8.5,85.0,85.0,100.0,
CIB-D4-001,D4_User,92.0,5.82,42.0311,0.000876,,,,,0.0,100.0,0.0,13.6,1.0,27.04,,,,,,,,,76.0
CIB-D4-002,D4_User,88.0,5.82,22.1364,0.000461,,,,,0.0,100.0,0.0,54.5,1.0,33.18,,,,,,,,,82.2
CIB-D4-003,D4_User,95.0,5.82,26.172,0.000545,,,,,0.0,100.0,0.0,46.2,1.0,31.94,,,,,,,,,84.8
CIB-D4-004,D4_User,91.0,5.82,47.5484,0.000991,,,,,0.0,100.0,0.0,2.3,1.0,25.35,,,,,,,,,56.2
CIB-D4-005,D4_User,98.0,5.82,17.9507,0.000374,,,,,0.0,100.0,0.0,63.1,1.0,34.47,,,,,,,,,68.7
CIB-D4-006,D4_User,94.0,5.82,21.8578,0.000455,,,,,0.0,100.0,0.0,55.1,1.0,33.27,,,,,,,,,87.4
CIB-D4-007,D4_User,89.0,5.82,39.0582,0.000814,,,,,0.0,100.0,0.0,19.7,1.0,27.96,,,,,,,,,70.1
CIB-D4-008,D4_User,93.0,5.82,35.4632,0.000739,,,,,0.0,100.0,0.0,27.1,1.0,29.07,,,,,,,,,94.5
CIB-D4-009,D4_User,90.0,5.82,47.7122,0.000994,,,,,0.0,100.0,0.0,2.0,1.0,25.3,,,,,,,,,40.8
CIB-D4-010,D4_User,99.0,5.82,34.6871,0.000723,,,,,0.0,100.0,0.0,28.7,1.0,29.31,,,,,,,,,83.4
CIB-D4-011,D4_User,91.0,5.82,32.4313,0.000676,,,,,0.0,100.0,0.0,33.4,1.0,30.0,,,,,,,,,75.6
CIB-D4-012,D4_User,92.0,5.82,41.0973,0.000856,,,,,0.0,100.0,0.0,15.5,1.0,27.33,,,,,,,,,79.0
CIB-D4-013,D4_User,89.0,5.82,25.2213,0.000525,,,,,0.0,100.0,0.0,48.2,1.0,32.23,,,,,,,,,68.2
CIB-D4-014,D4_User,92.0,5.82,34.2212,0.000713,,,,,0.0,100.0,0.0,29.7,1.0,29.46,,,,,,,,,100.0
CIB-D4-015,D4_User,93.0,5.82,47.5952,0.000992,,,,,0.0,100.0,0.0,2.2,1.0,25.33,,,,,,,,,81.2
CIB-D4-016,D4_User,88.0,5.82,27.6779,0.000577,,,,,0.0,100.0,0.0,43.1,1.0,31.47,,,,,,,,,64.6
CIB-D4-017,D4_User,95.0,5.82,33.2601,0.000693,,,,,0.0,100.0,0.0,31.6,1.0,29.75,,,,,,,,,88.8
CIB-D4-018,D4_User,91.0,5.82,37.3863,0.000779,,,,,0.0,100.0,0.0,23.2,1.0,28.48,,,,,,,,,74.8
CIB-D4-019,D4_User,96.0,5.82,46.2684,0.000964,,,,,0.0,100.0,0.0,4.9,1.0,25.74,,,,,,,,,90.2
CIB-D4-020,D4_User,90.0,5.82,32.7213,0.000682,,,,,0.0,100.0,0.0,32.8,1.0,29.91,,,,,,,,,73.6
CIB-D4-021,D4_User,94.0,5.82,34.1913,0.000712,,,,,0.0,100.0,0.0,29.7,1.0,29.46,,,,,,,,,84.3
CIB-D4-022,D4_User,92.0,5.82,26.2144,0.000546,,,,,0.0,100.0,0.0,46.1,1.0,31.92,,,,,,,,,84.7
CIB-D4-023,D4_User,96.0,5.82,43.101,0.000898,,,,,0.0,100.0,0.0,11.4,1.0,26.71,,,,,,,,,35.1
CIB-D4-024,D4_User,93.0,5.82,37.262,0.000776,,,,,0.0,100.0,0.0,23.4,1.0,28.51,,,,,,,,,78.8
CIB-D4-025,D4_User,91.0,5.82,46.4064,0.000967,,,,,0.0,100.0,0.0,4.6,1.0,25.69,,,,,,,,,76.6
CIB-D4-026,D4_User,94.0,5.82,38.6808,0.000806,,,,,0.0,100.0,0.0,20.5,1.0,28.08,,,,,,,,,87.7
CIB-D4-027,D4_User,92.0,5.82,34.5479,0.00072,,,,,0.0,100.0,0.0,29.0,1.0,29.35,,,,,,,,,83.6
CIB-D4-028,D4_User,90.0,5.82,47.3109,0.000986,,,,,0.0,100.0,0.0,2.8,1.0,25.42,,,,,,,,,76.8
CIB-D4-029,D4_User,85.0,5.82,36.387,0.000758,,,,,0.0,100.0,0.0,25.2,1.0,28.78,,,,,,,,,61.4
CIB-D4-030,D4_User,95.0,5.82,46.0026,0.000958,,,,,0.0,100.0,0.0,5.5,1.0,25.82,,,,,,,,,89.4
CIB-D4-031,D4_User,92.0,5.82,39.8398,0.00083,,,,,0.0,100.0,0.0,18.1,1.0,27.72,,,,,,,,,89.0
CIB-D4-032,D4_User,93.0,5.82,33.6755,0.000702,,,,,0.0,100.0,0.0,30.8,1.0,29.62,,,,,,,,,89.7
CIB-D4-033,D4_User,97.0,5.82,43.561,0.000908,,,,,0.0,100.0,0.0,10.5,1.0,26.57,,,,,,,,,92.0
CIB-D4-034,D4_User,94.0,5.82,43.9953,0.000917,,,,,0.0,100.0,0.0,9.6,1.0,26.44,,,,,,,,,87.0
CIB-D4-035,D4_User,91.0,5.82,33.4097,0.000696,,,,,0.0,100.0,0.0,31.3,1.0,29.7,,,,,,,,,84.0
CIB-D4-036,D4_User,97.0,5.82,48.6841,0.001014,,,,,0.0,100.0,0.0,0.0,1.0,25.0,,,,,,,,,57.2
CIB-D4-037,D4_User,90.0,5.82,46.5866,0.000971,,,,,0.0,100.0,0.0,4.3,1.0,25.64,,,,,,,,,82.2
CIB-D4-038,D4_User,89.0,5.82,25.9131,0.00054,,,,,0.0,100.0,0.0,46.7,1.0,32.01,,,,,,,,,74.9
CIB-D4-039,D4_User,92.0,5.82,27.9694,0.000583,,,,,0.0,100.0,0.0,42.5,1.0,31.37,,,,,,,,,79.7
CIB-D4-040,D4_User,94.0,5.82,34.1924,0.000712,,,,,0.0,100.0,0.0,29.7,1.0,29.46,,,,,,,,,86.0
CIB-D4-041,D4_User,95.0,5.82,23.963,0.000499,,,,,0.0,100.0,0.0,50.8,1.0,32.61,,,,,,,,,87.2
CIB-D4-042,D4_User,90.0,5.82,36.5234,0.000761,,,,,0.0,100.0,0.0,24.9,1.0,28.74,,,,,,,,,77.2
CIB-D4-043,D4_User,93.0,5.82,36.5579,0.000762,,,,,0.0,100.0,0.0,24.8,1.0,28.73,,,,,,,,,85.1
CIB-D4-044,D4_User,91.0,5.82,37.2636,0.000776,,,,,0.0,100.0,0.0,23.4,1.0,28.51,,,,,,,,,84.2
CIB-D4-045,D4_User,91.0,5.82,38.8773,0.00081,,,,,0.0,100.0,0.0,20.1,1.0,28.01,,,,,,,,,95.8
CIB-D4-046,D4_User,92.0,5.82,42.1943,0.000879,,,,,0.0,100.0,0.0,13.3,1.0,26.99,,,,,,,,,88.0
CIB-D4-047,D4_User,90.0,5.82,34.2158,0.000713,,,,,0.0,100.0,0.0,29.7,1.0,29.45,,,,,,,,,80.8
CIB-D4-048,D4_User,93.0,5.82,18.2575,0.00038,,,,,0.0,100.0,0.0,62.5,1.0,34.37,,,,,,,,,89.1
CIB-D4-049,D4_User,96.0,5.82,48.2428,0.001005,,,,,0.0,100.0,0.0,0.9,1.0,25.13,,,,,,,,,90.6
CIB-D4-050,D4_User,100.0,5.82,10.0478,0.000209,,,,,0.0,100.0,0.0,79.4,1.0,36.9,,,,,,,,,76.8
